source_column,total_gain,max_gain,transformed_feature_count,positive_transformed_feature_count,source_column_exists
EXT_SOURCE_MEAN,754268.2483634949,754268.2483634949,2,1,True
EXT_SOURCE_MIN,111120.87122535706,111120.87122535706,2,1,True
CREDIT_TERM_APPROX,67951.87341117859,67951.87341117859,2,1,True
EXT_SOURCE_MAX,59565.386302948,59565.386302948,2,1,True
BURO_BURO_DEBT_CREDIT_RATIO_MAX,56662.53070449829,56662.53070449829,2,1,True
INST_INST_LATE_PAYMENT_FLAG_MEAN,49238.30205154419,49238.30205154419,2,1,True
GOODS_CREDIT_RATIO,44594.02091026306,44594.02091026306,2,1,True
AGE_YEARS,36856.70718193054,36856.70718193054,1,1,True
PREV_DAYS_LAST_DUE_1ST_VERSION_MAX,32552.88539123535,32552.88539123535,2,1,True
CODE_GENDER,32340.690774917603,17534.53944015503,3,2,True
PREV_PREV_CREDIT_APPLICATION_RATIO_MEAN,29993.906042099,29993.906042099,2,1,True
NAME_EDUCATION_TYPE,27914.072854995728,22083.057975769043,5,4,True
AMT_ANNUITY,27542.80349349976,27542.80349349976,2,1,True
EXT_SOURCE_1,21264.48141670227,14644.150005340576,2,2,True
CC_CNT_DRAWINGS_ATM_CURRENT_MEAN,20476.51543045044,20476.51543045044,2,1,True
INST_AMT_PAYMENT_SUM,20448.26124572754,20448.26124572754,2,1,True
PREV_NAME_CONTRACT_STATUS_REFUSED_RATE,20394.1884059906,20394.1884059906,2,1,True
DAYS_EMPLOYED,17668.808261871338,17625.092262268066,2,2,True
AMT_GOODS_PRICE,16866.166919708252,16866.166919708252,2,1,True
BURO_BURO_DEBT_CREDIT_RATIO_MEAN,16734.352825164795,16008.692821502686,2,2,True
EXT_SOURCE_3,15660.59125328064,13876.559648513794,2,2,True
EMPLOYMENT_AGE_RATIO,15446.98980140686,15446.98980140686,2,1,True
EMPLOYED_YEARS,15375.66385269165,15375.66385269165,2,1,True
OWN_CAR_AGE,14791.527107238771,11670.912322998049,2,2,True
ANNUITY_INCOME_RATIO,14093.593439102173,14093.593439102173,2,1,True
AMT_CREDIT,12395.016437530518,12395.016437530518,1,1,True
POS_POS_COMPLETION_RATIO_SUM,11984.512546539308,11984.512546539308,2,1,True
ORGANIZATION_TYPE,11153.134105682373,2093.715003967285,58,16,True
INST_AMT_PAYMENT_MEAN,11102.82593345642,11102.82593345642,2,1,True
CC_CC_UTILIZATION_RATIO_MAX,10588.035495758057,10588.035495758057,2,1,True
EXT_SOURCE_2,10144.705024719238,10144.705024719238,2,1,True
ANNUITY_PER_PERSON,10098.991498947144,10098.991498947144,2,1,True
BURO_DAYS_CREDIT_ENDDATE_MAX,9930.790616989136,9930.790616989136,2,1,True
PREV_DAYS_LAST_DUE_MAX,9902.459386825562,9902.459386825562,2,1,True
PREV_DAYS_LAST_DUE_1ST_VERSION_SUM,9108.509422302246,9108.509422302246,2,1,True
INST_INST_PAYMENT_DIFF_MEAN,8996.83028793335,8996.83028793335,2,1,True
NAME_FAMILY_STATUS,8585.345876693726,8328.552076339722,6,3,True
INST_AMT_PAYMENT_MIN,8584.00379562378,8584.00379562378,2,1,True
CC_CNT_DRAWINGS_CURRENT_MEAN,8347.631248474121,8347.631248474121,2,1,True
NAME_INCOME_TYPE,8323.270725250244,5530.558712005615,8,4,True
CC_CC_UTILIZATION_RATIO_MEAN,8312.288913726807,8312.288913726807,2,1,True
POS_POS_COMPLETION_RATIO_MEAN,8256.662406921387,8256.662406921387,2,1,True
BURO_AMT_CREDIT_SUM_MAX,8194.775226593018,8194.775226593018,2,1,True
POS_MONTHS_BALANCE_MAX,7848.350997924805,7848.350997924805,2,1,True
INST_INST_PAYMENT_DELAY_MAX,7787.608121871948,7787.608121871948,2,1,True
PREV_NAME_YIELD_GROUP_LOW_ACTION_RATE,7579.369668960571,7579.369668960571,2,1,True
CC_CC_DRAWING_LIMIT_RATIO_MEAN,7528.211822509766,7528.211822509766,2,1,True
BURO_AMT_CREDIT_SUM_SUM,7435.311326980591,7435.311326980591,2,1,True
BURO_AMT_CREDIT_MAX_OVERDUE_MEAN,7305.96939277649,6344.527185440064,2,2,True
BURO_DAYS_ENDDATE_FACT_MAX,7253.435781478882,7253.435781478882,2,1,True
CREDIT_PER_PERSON,7107.769199371338,7107.769199371338,2,1,True
REGION_RATING_CLIENT_W_CITY,7027.2510051727295,7027.2510051727295,1,1,True
PREV_CNT_PAYMENT_MEAN,7021.528697967529,7021.528697967529,2,1,True
PREV_PREV_CREDIT_APPLICATION_RATIO_MAX,6933.758514404297,6933.758514404297,2,1,True
PREV_AMT_DOWN_PAYMENT_SUM,6834.187156677246,6834.187156677246,2,1,True
PREV_PRODUCT_COMBINATION_CASH X-SELL: LOW_RATE,6685.662794113159,6685.662794113159,2,1,True
BURO_TYPE_MORTGAGE_RATE,6403.136734008789,6403.136734008789,2,1,True
NAME_CONTRACT_TYPE,6333.587703704834,5218.303203582764,2,2,True
POS_CNT_INSTALMENT_FUTURE_MEAN,6236.344879150391,6236.344879150391,2,1,True
DAYS_ID_PUBLISH,6180.603006362915,6180.603006362915,1,1,True
BURO_DAYS_CREDIT_SUM,6088.029098510742,6088.029098510742,2,1,True
INST_NUM_INSTALMENT_VERSION_MEAN,5600.099117279053,5600.099117279053,2,1,True
INST_INST_PAYMENT_RATIO_MEAN,5496.247081756592,5496.247081756592,2,1,True
BURO_BURO_DEBT_CREDIT_RATIO_SUM,5262.812479019165,5262.812479019165,2,1,True
CREDIT_INCOME_RATIO,5197.042016983032,5197.042016983032,1,1,True
OCCUPATION_TYPE,5188.756799697876,2207.046197891236,18,7,True
EXT_SOURCE_COUNT,5174.943237304688,5174.943237304688,1,1,True
INST_AMT_INSTALMENT_SUM,5130.036420822144,5130.036420822144,2,1,True
FLAG_OWN_CAR,5034.418214797974,4142.495300292969,2,2,True
POS_SK_DPD_DEF_MEAN,5012.200483322144,5012.200483322144,2,1,True
INST_INST_PAYMENT_DIFF_SUM,4950.329700469971,4950.329700469971,2,1,True
PREV_AMT_ANNUITY_MEAN,4940.928110122681,4940.928110122681,2,1,True
ID_PUBLISH_AGE_RATIO,4919.665678024292,4919.665678024292,1,1,True
PREV_CODE_REJECT_REASON_XAP_RATE,4874.718830108643,4874.718830108643,2,1,True
INST_INST_PAYMENT_DELAY_SUM,4811.483194351196,4811.483194351196,2,1,True
PREV_DAYS_TERMINATION_MAX,4462.488399505615,4462.488399505615,2,1,True
REGION_POPULATION_RELATIVE,4353.371700286865,4353.371700286865,1,1,True
INST_NUM_INSTALMENT_VERSION_SUM,4336.977687835693,4336.977687835693,2,1,True
BURO_AMT_CREDIT_MAX_OVERDUE_MAX,4330.631538391113,4330.631538391113,2,1,True
BURO_DAYS_CREDIT_MAX,4324.760185241699,4324.760185241699,2,1,True
INST_DAYS_INSTALMENT_MIN,4221.491195678711,4221.491195678711,2,1,True
INST_AMT_INSTALMENT_MIN,4109.4162940979,4109.4162940979,2,1,True
BURO_AMT_CREDIT_MAX_OVERDUE_SUM,4104.511806488037,4104.511806488037,2,1,True
PREV_NAME_CONTRACT_STATUS_APPROVED_RATE,4039.4961013793945,4039.4961013793945,2,1,True
ID_PUBLISH_YEARS,4019.3135948181152,4019.3135948181152,1,1,True
INST_INST_UNDERPAYMENT_FLAG_MEAN,4000.075929641724,4000.075929641724,2,1,True
BURO_DAYS_ENDDATE_FACT_MEAN,3941.7270317077637,2677.7757263183594,2,2,True
PREV_AMT_ANNUITY_MIN,3908.841028213501,3908.841028213501,2,1,True
PREV_NAME_YIELD_GROUP_HIGH_RATE,3899.753803253174,3899.753803253174,2,1,True
BURO_DAYS_ENDDATE_FACT_SUM,3810.2951889038086,3810.2951889038086,2,1,True
SOCIAL_DEFAULT_RATIO_60,3787.831802368164,3787.831802368164,2,1,True
INST_DAYS_ENTRY_PAYMENT_MIN,3770.8341026306152,3770.8341026306152,2,1,True
BURO_AMT_CREDIT_SUM_MIN,3690.483106613159,3690.483106613159,2,1,True
BURO_AMT_CREDIT_SUM_DEBT_MAX,3628.014892578125,3628.014892578125,2,1,True
DAYS_LAST_PHONE_CHANGE,3603.498384475708,3603.498384475708,2,1,True
PREV_PRODUCT_COMBINATION_POS INDUSTRY WITH INTEREST_RATE,3577.932710647583,3577.932710647583,2,1,True
PREV_CNT_PAYMENT_MAX,3562.4755210876465,3562.4755210876465,2,1,True
PREV_NAME_PRODUCT_TYPE_WALK-IN_RATE,3488.691097259521,3488.691097259521,2,1,True
BURO_AMT_CREDIT_SUM_MEAN,3469.712490081787,3469.712490081787,2,1,True
REG_CITY_NOT_LIVE_CITY,3398.7752113342285,3398.7752113342285,1,1,True
AMT_REQ_CREDIT_BUREAU_QRT,3392.7374839782715,3392.7374839782715,2,1,True
BURO_TYPE_MICROLOAN_RATE,3382.503011703491,3382.503011703491,2,1,True
EXT_SOURCE_STD,3344.8152980804443,3344.8152980804443,2,1,True
INST_DAYS_ENTRY_PAYMENT_MAX,3330.2749061584477,3330.2749061584477,2,1,True
INST_NUM_INSTALMENT_NUMBER_MAX,3212.1498050689697,3212.1498050689697,2,1,True
PHONE_CHANGE_AGE_RATIO,3208.4944896698,3208.4944896698,2,1,True
BURO_AMT_CREDIT_SUM_LIMIT_MEAN,3079.585615158081,1856.759017944336,2,2,True
BURO_DAYS_CREDIT_MIN,3009.2593116760254,3009.2593116760254,2,1,True
PREV_AMT_DOWN_PAYMENT_MAX,3002.9940242767334,3002.9940242767334,2,1,True
BURO_BURO_ENDDATE_CREDIT_GAP_MAX,2962.469005584717,2962.469005584717,2,1,True
BURO_DAYS_CREDIT_ENDDATE_SUM,2948.399013519287,2948.399013519287,2,1,True
BURO_BURO_ENDDATE_CREDIT_GAP_MIN,2945.335424423218,2945.335424423218,2,1,True
BURO_AMT_CREDIT_SUM_DEBT_MEAN,2935.2235164642334,2286.409505844116,2,2,True
PREV_SELLERPLACE_AREA_MEAN,2825.4469089508057,2825.4469089508057,2,1,True
INST_INST_PAYMENT_DELAY_MIN,2781.493408203125,2781.493408203125,2,1,True
POS_MONTHS_BALANCE_SUM,2766.623592376709,2766.623592376709,2,1,True
SOCIAL_DEFAULT_RATIO_30,2764.766384124756,2764.766384124756,2,1,True
PREV_NAME_YIELD_GROUP_LOW_NORMAL_RATE,2703.8021087646484,2703.8021087646484,2,1,True
PREV_AMT_DOWN_PAYMENT_MEAN,2629.165981292724,2480.028987884521,2,2,True
REGISTRATION_AGE_RATIO,2594.1524982452397,2594.1524982452397,1,1,True
INST_INST_PAYMENT_DIFF_MAX,2515.545389175415,2515.545389175415,2,1,True
BURO_DAYS_CREDIT_MEAN,2492.0261878967285,2492.0261878967285,2,1,True
PREV_PREV_CREDIT_APPLICATION_RATIO_MIN,2457.831485748291,2457.831485748291,2,1,True
REGISTRATION_YEARS,2411.602584838867,2411.602584838867,1,1,True
POS_SK_DPD_DEF_MAX,2386.515007019043,2386.515007019043,2,1,True
PREV_DAYS_FIRST_DRAWING_MAX,2379.754384994507,2379.754384994507,2,1,True
INST_DAYS_INSTALMENT_MEAN,2356.825092315674,2356.825092315674,2,1,True
PREV_AMT_APPLICATION_SUM,2316.718017578125,2316.718017578125,2,1,True
CC_CC_PAYMENT_MIN_RATIO_SUM,2314.134925842285,2314.134925842285,2,1,True
DAYS_REGISTRATION,2284.485614776612,2284.485614776612,1,1,True
SOCIAL_DEFAULT_TOTAL,2276.061529159546,2276.061529159546,2,1,True
BUILDING_FEATURE_MEAN,2267.960695266724,2267.960695266724,2,1,True
PREV_SELLERPLACE_AREA_MAX,2257.856704711914,2257.856704711914,2,1,True
POS_MONTHS_BALANCE_MEAN,2245.7470874786377,2245.7470874786377,2,1,True
BURO_DAYS_CREDIT_UPDATE_MEAN,2226.2733974456787,2226.2733974456787,2,1,True
PREV_AMT_ANNUITY_MAX,2207.240791320801,2207.240791320801,2,1,True
FLAG_WORK_PHONE,2199.158000946045,2199.158000946045,1,1,True
BURO_BAL_BB_STATUS_C_RATE_MAX,2192.977104187012,2192.977104187012,2,1,True
BURO_DAYS_CREDIT_ENDDATE_MEAN,2165.3582038879395,2104.065704345703,2,2,True
PHONE_CHANGE_YEARS,2156.513996124268,2156.513996124268,2,1,True
PREV_SELLERPLACE_AREA_SUM,2148.3460006713867,2148.3460006713867,2,1,True
PREV_AMT_ANNUITY_SUM,2107.8177032470703,2035.5419998168943,2,2,True
INST_DAYS_ENTRY_PAYMENT_MEAN,2098.4833984375,2098.4833984375,2,1,True
PREV_DAYS_LAST_DUE_1ST_VERSION_MEAN,2095.0001945495605,2095.0001945495605,2,1,True
INST_AMT_PAYMENT_MAX,2093.9703845977783,2093.9703845977783,2,1,True
CC_AMT_DRAWINGS_ATM_CURRENT_MEAN,2089.5024337768555,2089.5024337768555,2,1,True
CC_CNT_DRAWINGS_CURRENT_MAX,2085.044204711914,2085.044204711914,2,1,True
INST_INST_PAYMENT_RATIO_SUM,2080.687397003174,2080.687397003174,2,1,True
INST_INST_PAYMENT_DELAY_MEAN,2074.0824012756348,2074.0824012756348,2,1,True
PREV_CHANNEL_TYPE_CHANNEL OF CORPORATE SALES_RATE,2036.0568237304688,2036.0568237304688,2,1,True
BURO_TYPE_MICROLOAN,2016.1844787597656,2016.1844787597656,2,1,True
BURO_DAYS_CREDIT_UPDATE_MAX,2013.784610748291,2013.784610748291,2,1,True
INST_AMT_INSTALMENT_MAX,2012.6616077423096,2012.6616077423096,2,1,True
PREV_DAYS_FIRST_DUE_MAX,2008.4121227264404,2008.4121227264404,2,1,True
PREV_AMT_GOODS_PRICE_MIN,1984.1895084381104,1984.1895084381104,2,1,True
HOUR_APPR_PROCESS_START,1945.94620513916,1945.94620513916,1,1,True
PREV_PREV_ANNUITY_CREDIT_RATIO_MIN,1945.347393035889,1945.347393035889,2,1,True
POS_CNT_INSTALMENT_MAX,1916.29829788208,1916.29829788208,2,1,True
BURO_BURO_ENDDATE_CREDIT_GAP_MEAN,1910.5195846557615,1910.5195846557615,2,1,True
BURO_BAL_BB_STATUS_0_RATE_MEAN,1884.5117015838623,1884.5117015838623,2,1,True
BURO_DAYS_CREDIT_UPDATE_MIN,1871.8871097564695,1871.8871097564695,2,1,True
PREV_NAME_GOODS_CATEGORY_FURNITURE_RATE,1856.3697128295896,1856.3697128295896,2,1,True
INST_DAYS_ENTRY_PAYMENT_SUM,1846.7003955841064,1846.7003955841064,2,1,True
YEARS_BEGINEXPLUATATION_MODE,1814.789894104004,1814.789894104004,2,1,True
PREV_PREV_ANNUITY_CREDIT_RATIO_MEAN,1814.6892948150637,1814.6892948150637,2,1,True
AMT_INCOME_TOTAL,1792.446897506714,1792.446897506714,1,1,True
BURO_BURO_ENDDATE_CREDIT_GAP_SUM,1758.4218978881836,1758.4218978881836,2,1,True
CC_AMT_CREDIT_LIMIT_ACTUAL_MEAN,1747.2465057373047,1747.2465057373047,2,1,True
INST_DAYS_INSTALMENT_MAX,1727.6025161743164,1727.6025161743164,2,1,True
POS_MONTHS_BALANCE_MIN,1726.4168968200684,1726.4168968200684,2,1,True
BURO_BAL_BB_MONTHS_BALANCE_COUNT_SUM,1706.7148971557615,1706.7148971557615,2,1,True
APARTMENTS_AVG,1700.8211135864258,1700.8211135864258,2,1,True
PREV_DAYS_LAST_DUE_SUM,1697.4098052978516,1697.4098052978516,2,1,True
INST_AMT_INSTALMENT_MEAN,1671.108097076416,1671.108097076416,2,1,True
POS_STATUS_ACTIVE,1634.1456909179688,1634.1456909179688,2,1,True
PREV_RATE_DOWN_PAYMENT_SUM,1602.432601928711,1602.432601928711,2,1,True
BURO_BAL_BB_STATUS_C_SUM,1590.595609664917,1590.595609664917,2,1,True
BURO_DAYS_ENDDATE_FACT_MIN,1579.9294929504397,1579.9294929504397,2,1,True
INST_NUM_INSTALMENT_NUMBER_SUM,1565.5543937683103,1565.5543937683103,2,1,True
PREV_DAYS_TERMINATION_SUM,1556.2289962768557,1556.2289962768557,2,1,True
BURO_AMT_CREDIT_SUM_DEBT_SUM,1546.6345081329346,1546.6345081329346,2,1,True
POS_SK_DPD_DEF_SUM,1536.4980068206787,1536.4980068206787,2,1,True
BURO_BAL_BB_STATUS_X_MEAN,1528.8424949645996,1528.8424949645996,2,1,True
PREV_PRODUCT_COMBINATION_CASH X-SELL: HIGH_RATE,1514.6625938415527,1514.6625938415527,2,1,True
INST_NUM_INSTALMENT_VERSION_MAX,1510.2361068725586,1510.2361068725586,2,1,True
POS_CNT_INSTALMENT_FUTURE_MAX,1473.185302734375,1473.185302734375,2,1,True
CC_CC_PAYMENT_MIN_RATIO_MEAN,1472.1685962677002,1472.1685962677002,2,1,True
PREV_AMT_CREDIT_MIN,1465.674903869629,1465.674903869629,2,1,True
PREV_PREV_DOWN_PAYMENT_APPLICATION_RATIO_SUM,1455.8645133972168,1455.8645133972168,2,1,True
PREV_HOUR_APPR_PROCESS_START_MAX,1450.8285102844238,1450.8285102844238,2,1,True
PREV_DAYS_FIRST_DRAWING_MEAN,1450.3470916748047,1450.3470916748047,2,1,True
PREV_CNT_PAYMENT_SUM,1407.7312088012695,1407.7312088012695,2,1,True
PREV_DAYS_DECISION_MEAN,1405.0423049926758,1405.0423049926758,2,1,True
BURO_AMT_CREDIT_SUM_LIMIT_MAX,1384.4460945129395,1009.8571014404296,2,2,True
CC_AMT_DRAWINGS_CURRENT_MEAN,1380.7106037139893,1380.7106037139893,2,1,True
PREV_NAME_TYPE_SUITE_UNACCOMPANIED_RATE,1372.2465839385986,1372.2465839385986,2,1,True
PREV_NAME_TYPE_SUITE_NAN_RATE,1360.17010307312,1360.17010307312,2,1,True
PREV_PREV_ANNUITY_CREDIT_RATIO_SUM,1359.3357067108154,1359.3357067108154,2,1,True
BURO_ACTIVE_CLOSED_RATE,1354.2515907287598,1354.2515907287598,2,1,True
PREV_NAME_YIELD_GROUP_HIGH,1349.2852020263672,1349.2852020263672,2,1,True
POS_CNT_INSTALMENT_MEAN,1348.7979984283447,1348.7979984283447,2,1,True
PREV_HOUR_APPR_PROCESS_START_MEAN,1346.9625988006592,1346.9625988006592,2,1,True
PREV_PREV_DOWN_PAYMENT_APPLICATION_RATIO_MEAN,1334.836109161377,1334.836109161377,2,1,True
PREV_PRODUCT_COMBINATION_CASH STREET: LOW_RATE,1333.4903888702393,1333.4903888702393,2,1,True
PREV_NAME_SELLER_INDUSTRY_FURNITURE_RATE,1328.1328926086426,1328.1328926086426,2,1,True
PREV_DAYS_FIRST_DUE_SUM,1318.8628997802734,1318.8628997802734,2,1,True
PREV_AMT_APPLICATION_MEAN,1291.7278003692627,1291.7278003692627,2,1,True
LIVINGAREA_AVG,1281.0405082702637,1281.0405082702637,2,1,True
PREV_DAYS_DECISION_MAX,1276.8234024047852,1276.8234024047852,2,1,True
BURO_DAYS_CREDIT_UPDATE_SUM,1272.2934951782229,1272.2934951782229,2,1,True
INST_DAYS_INSTALMENT_SUM,1265.4881019592283,1265.4881019592283,2,1,True
PREV_PREV_DOWN_PAYMENT_APPLICATION_RATIO_MAX,1232.0178108215332,1232.0178108215332,2,1,True
PREV_DAYS_FIRST_DUE_MEAN,1231.2748050689695,1231.2748050689695,2,1,True
BURO_ACTIVE_ACTIVE,1227.6825981140137,1227.6825981140137,2,1,True
PREV_DAYS_TERMINATION_MIN,1214.833408355713,1214.833408355713,2,1,True
PREV_CHANNEL_TYPE_AP+ (CASH LOAN)_RATE,1211.4174041748047,1211.4174041748047,2,1,True
CC_CNT_INSTALMENT_MATURE_CUM_MEAN,1192.3606910705566,1192.3606910705566,2,1,True
INST_INST_PAYMENT_DIFF_MIN,1189.544490814209,1189.544490814209,2,1,True
PREV_AMT_CREDIT_MEAN,1165.1729984283447,1165.1729984283447,2,1,True
PREV_DAYS_LAST_DUE_MEAN,1136.653095245361,1136.653095245361,2,1,True
PREV_AMT_CREDIT_MAX,1135.9788970947266,1135.9788970947266,2,1,True
BURO_AMT_CREDIT_SUM_OVERDUE_MAX,1135.042495727539,1135.042495727539,2,1,True
CC_AMT_CREDIT_LIMIT_ACTUAL_SUM,1130.5799007415771,1130.5799007415771,2,1,True
POS_STATUS_ACTIVE_RATE,1129.7655029296875,1129.7655029296875,2,1,True
APARTMENTS_MEDI,1123.605697631836,1123.605697631836,2,1,True
PREV_NAME_SELLER_INDUSTRY_CONNECTIVITY_RATE,1102.447687149048,1102.447687149048,2,1,True
PREV_DAYS_DECISION_SUM,1097.9326057434082,1097.9326057434082,2,1,True
BURO_DAYS_CREDIT_ENDDATE_MIN,1096.2203884124756,1096.2203884124756,2,1,True
CC_AMT_BALANCE_MAX,1094.5783023834229,1094.5783023834229,2,1,True
PREV_CODE_REJECT_REASON_HC_RATE,1091.7019081115725,1091.7019081115725,2,1,True
NONLIVINGAREA_AVG,1075.1055068969727,1005.9953079223632,2,2,True
FLOORSMAX_MEDI,1066.2528915405271,1066.2528915405271,2,1,True
PREV_CHANNEL_TYPE_CREDIT AND CASH OFFICES_RATE,1062.1943073272705,1062.1943073272705,2,1,True
PREV_DAYS_TERMINATION_MEAN,1056.1925010681152,1056.1925010681152,2,1,True
BURO_TYPE_CONSUMER CREDIT_RATE,1048.144905090332,1048.144905090332,2,1,True
PREV_PRODUCT_COMBINATION_POS INDUSTRY WITHOUT INTEREST_RATE,1046.2098960876465,1046.2098960876465,2,1,True
PREV_RATE_DOWN_PAYMENT_MAX,1039.782699584961,1039.782699584961,2,1,True
LANDAREA_AVG,1036.1273040771484,1036.1273040771484,2,1,True
PREV_DAYS_FIRST_DRAWING_MIN,1035.3053073883057,1035.3053073883057,2,1,True
FLOORSMAX_MODE,1020.5743980407716,1020.5743980407716,2,1,True
PREV_NAME_YIELD_GROUP_XNA_RATE,1016.7951965332032,1016.7951965332032,2,1,True
BURO_BAL_BB_MONTHS_BALANCE_COUNT_MEAN,1006.7784004211426,1006.7784004211426,2,1,True
INST_INST_PAYMENT_RATIO_MIN,1003.4005012512208,1003.4005012512208,2,1,True
PREV_DAYS_LAST_DUE_MIN,987.1875019073486,987.1875019073486,2,1,True
LIVINGAPARTMENTS_MODE,978.6139030456544,978.6139030456544,2,1,True
INCOME_PER_PERSON,972.1104068756104,972.1104068756104,2,1,True
BURO_TYPE_CONSUMER CREDIT,970.1446990966796,970.1446990966796,2,1,True
CC_CC_PAYMENT_MIN_RATIO_MAX,950.3001098632812,950.3001098632812,2,1,True
POS_STATUS_COMPLETED_RATE,934.613302230835,934.613302230835,2,1,True
PREV_PREV_ANNUITY_CREDIT_RATIO_MAX,933.681308746338,933.681308746338,2,1,True
PREV_NAME_CLIENT_TYPE_NEW_RATE,933.1129951477052,933.1129951477052,2,1,True
PREV_NAME_PRODUCT_TYPE_X-SELL_RATE,927.0269985198976,927.0269985198976,2,1,True
LIVINGAREA_MODE,926.2697010040283,891.8784999847412,2,2,True
BURO_BAL_BB_STATUS_C_RATE_MEAN,922.1355018615724,922.1355018615724,2,1,True
PREV_AMT_APPLICATION_MIN,915.7373008728028,915.7373008728028,2,1,True
BURO_BAL_BB_STATUS_0_RATE_MAX,912.7278938293456,912.7278938293456,2,1,True
POS_POS_COMPLETION_RATIO_MIN,911.6297912597656,911.6297912597656,2,1,True
POS_CNT_INSTALMENT_SUM,905.6673927307128,905.6673927307128,2,1,True
CC_STATUS_SENT PROPOSAL_RATE,902.8765907287598,902.8765907287598,2,1,True
POS_RECORD_COUNT,901.3883934020996,901.3883934020996,2,1,True
PREV_RATE_DOWN_PAYMENT_MIN,875.4417953491211,875.4417953491211,2,1,True
PREV_NAME_SELLER_INDUSTRY_XNA_RATE,873.2731914520264,873.2731914520264,2,1,True
PREV_NAME_TYPE_SUITE_FAMILY_RATE,870.417797088623,870.417797088623,2,1,True
POS_CNT_INSTALMENT_FUTURE_SUM,869.5108051300049,869.5108051300049,2,1,True
NONLIVINGAREA_MEDI,862.7292900085449,862.7292900085449,2,1,True
BURO_TYPE_MORTGAGE,859.0984020233154,859.0984020233154,2,1,True
TOTALAREA_MODE,844.484302520752,844.484302520752,2,1,True
PREV_NAME_PAYMENT_TYPE_CASH THROUGH THE BANK_RATE,832.3781032562256,832.3781032562256,2,1,True
PREV_AMT_CREDIT_SUM,824.3262062072754,824.3262062072754,2,1,True
BASEMENTAREA_MEDI,816.5788021087646,816.5788021087646,2,1,True
PREV_NAME_GOODS_CATEGORY_PHOTO / CINEMA EQUIPMENT_RATE,813.2644996643066,813.2644996643066,2,1,True
BURO_BAL_BB_MONTHS_BALANCE_MAX_MEAN,794.9004974365234,794.9004974365234,2,1,True
BURO_BAL_BB_STATUS_0_MAX,793.4180107116699,793.4180107116699,2,1,True
PREV_AMT_GOODS_PRICE_MEAN,788.9372062683105,788.9372062683105,2,1,True
YEARS_BEGINEXPLUATATION_MEDI,785.070198059082,785.070198059082,2,1,True
PREV_NAME_PRODUCT_TYPE_XNA_RATE,772.8337001800537,772.8337001800537,2,1,True
PREV_DAYS_DECISION_MIN,767.1593055725098,767.1593055725098,2,1,True
INST_NUM_INSTALMENT_NUMBER_MEAN,767.1498870849609,767.1498870849609,2,1,True
CC_CNT_INSTALMENT_MATURE_CUM_SUM,765.6642951965332,765.6642951965332,2,1,True
COMMONAREA_AVG,761.6005020141602,761.6005020141602,2,1,True
PREV_WEEKDAY_APPR_PROCESS_START_TUESDAY_RATE,752.8096923828125,752.8096923828125,2,1,True
CC_CNT_DRAWINGS_CURRENT_SUM,747.3028945922852,747.3028945922852,2,1,True
BURO_BAL_BB_STATUS_C_RATE_SUM,745.184700012207,745.184700012207,2,1,True
BASEMENTAREA_MODE,742.5164070129395,742.5164070129395,2,1,True
PREV_SELLERPLACE_AREA_MIN,741.1392974853516,741.1392974853516,2,1,True
YEARS_BUILD_MODE,741.1291961669922,741.1291961669922,2,1,True
PREV_PREV_CREDIT_APPLICATION_RATIO_SUM,739.290096282959,739.290096282959,2,1,True
BURO_RECORD_COUNT,734.2824020385742,686.3598022460938,2,2,True
BURO_BAL_BB_STATUS_0_SUM,734.0852088928223,734.0852088928223,2,1,True
COMMONAREA_MODE,729.6521034240723,729.6521034240723,2,1,True
LIVINGAPARTMENTS_AVG,724.569206237793,724.569206237793,2,1,True
INST_INST_PAYMENT_RATIO_MAX,724.0749015808105,724.0749015808105,2,1,True
BURO_AMT_CREDIT_SUM_LIMIT_SUM,720.3435935974121,720.3435935974121,2,1,True
BUREAU_REQUEST_TOTAL,716.4074935913086,716.4074935913086,2,1,True
FLOORSMAX_AVG,712.3738079071045,712.3738079071045,2,1,True
APARTMENTS_MODE,704.3951969146729,704.3951969146729,2,1,True
CC_CC_DRAWING_LIMIT_RATIO_SUM,703.7166023254395,703.7166023254395,2,1,True
INST_INST_LATE_PAYMENT_FLAG_SUM,699.0191993713379,699.0191993713379,2,1,True
CC_AMT_RECIVABLE_MAX,689.9958076477051,689.9958076477051,2,1,True
BURO_BAL_BB_MONTHS_BALANCE_MEAN_MAX,688.5143013000488,688.5143013000488,2,1,True
PREV_DAYS_FIRST_DUE_MIN,684.9425964355469,684.9425964355469,2,1,True
CC_AMT_DRAWINGS_CURRENT_SUM,682.4233951568604,682.4233951568604,2,1,True
PREV_AMT_APPLICATION_MAX,681.2607002258301,681.2607002258301,2,1,True
YEARS_BEGINEXPLUATATION_AVG,675.6379013061523,616.6957015991211,2,2,True
PREV_WEEKDAY_APPR_PROCESS_START_THURSDAY_RATE,673.6617012023926,673.6617012023926,2,1,True
BURO_BAL_BB_MONTHS_BALANCE_MIN_MAX,673.0760955810547,673.0760955810547,2,1,True
PREV_NAME_CONTRACT_STATUS_CANCELED_RATE,667.5887031555176,667.5887031555176,2,1,True
PREV_NAME_CLIENT_TYPE_REPEATER_RATE,666.1710968017578,666.1710968017578,2,1,True
CC_CNT_DRAWINGS_ATM_CURRENT_SUM,665.5685958862305,665.5685958862305,2,1,True
BURO_TYPE_CREDIT CARD,642.5475006103516,642.5475006103516,2,1,True
PREV_PRODUCT_COMBINATION_CASH STREET: HIGH_RATE,632.5046005249023,632.5046005249023,2,1,True
ELEVATORS_AVG,624.5486946105957,547.4450950622559,2,2,True
PREV_RATE_DOWN_PAYMENT_MEAN,621.8583030700684,621.8583030700684,2,1,True
PREV_NAME_CLIENT_TYPE_REFRESHED_RATE,612.5994987487793,612.5994987487793,2,1,True
CC_AMT_PAYMENT_CURRENT_MEAN,608.410099029541,608.410099029541,2,1,True
CC_AMT_RECEIVABLE_PRINCIPAL_MIN,602.4739990234375,602.4739990234375,2,1,True
BURO_BAL_BB_STATUS_X_RATE_SUM,599.5817070007324,599.5817070007324,2,1,True
NONLIVINGAPARTMENTS_MODE,595.1475028991699,595.1475028991699,2,1,True
PREV_HOUR_APPR_PROCESS_START_SUM,590.7033996582031,590.7033996582031,2,1,True
BURO_ACTIVE_CLOSED,583.2334899902344,583.2334899902344,2,1,True
PREV_WEEKDAY_APPR_PROCESS_START_SATURDAY_RATE,579.0166969299316,579.0166969299316,2,1,True
PREV_WEEKDAY_APPR_PROCESS_START_THURSDAY,578.8111038208008,578.8111038208008,2,1,True
PREV_NAME_GOODS_CATEGORY_MOBILE_RATE,574.3872947692871,574.3872947692871,2,1,True
CC_AMT_DRAWINGS_ATM_CURRENT_SUM,573.2536029815674,573.2536029815674,2,1,True
PREV_NAME_CONTRACT_STATUS_APPROVED,571.1725845336914,571.1725845336914,2,1,True
PREV_PRODUCT_COMBINATION_POS MOBILE WITH INTEREST_RATE,570.9525051116943,570.9525051116943,2,1,True
BURO_ACTIVE_ACTIVE_RATE,570.7795028686523,570.7795028686523,2,1,True
BURO_BAL_BB_MONTHS_BALANCE_MIN_MEAN,569.4444980621338,569.4444980621338,2,1,True
BURO_BAL_BB_STATUS_X_RATE_MEAN,566.8940944671631,566.8940944671631,2,1,True
BURO_BAL_BB_MONTHS_BALANCE_MEAN_MEAN,565.9709014892578,565.9709014892578,2,1,True
ENTRANCES_AVG,565.1540050506592,565.1540050506592,2,1,True
PREV_NFLAG_INSURED_ON_APPROVAL_MEAN,557.615104675293,557.615104675293,2,1,True
LANDAREA_MODE,554.7815017700195,554.7815017700195,2,1,True
BURO_BAL_BB_STATUS_C_MEAN,554.4142990112305,554.4142990112305,2,1,True
PREV_NAME_SELLER_INDUSTRY_CONSTRUCTION_RATE,553.7635917663574,553.7635917663574,2,1,True
POS_CNT_INSTALMENT_MIN,553.6562957763672,553.6562957763672,2,1,True
PREV_DAYS_LAST_DUE_1ST_VERSION_MIN,552.9634037017822,552.9634037017822,2,1,True
PREV_CODE_REJECT_REASON_SCO_RATE,548.0480003356934,548.0480003356934,2,1,True
BURO_BAL_BB_STATUS_0_RATE_SUM,545.9056015014648,545.9056015014648,2,1,True
BURO_BAL_BB_MONTHS_BALANCE_MIN_SUM,539.3474922180176,539.3474922180176,2,1,True
CC_AMT_PAYMENT_CURRENT_SUM,531.8071937561035,531.8071937561035,2,1,True
INST_INST_UNDERPAYMENT_FLAG_SUM,527.7570037841797,527.7570037841797,2,1,True
BURO_BAL_BB_STATUS_C_MAX,527.3772029876709,527.3772029876709,2,1,True
PREV_NAME_PORTFOLIO_CARDS_RATE,515.0151042938232,515.0151042938232,2,1,True
PREV_NAME_PRODUCT_TYPE_WALK-IN,513.8188972473145,513.8188972473145,2,1,True
PREV_AMT_DOWN_PAYMENT_MIN,513.3830947875977,513.3830947875977,2,1,True
CC_CC_UTILIZATION_RATIO_SUM,511.55530166625977,511.55530166625977,2,1,True
PREV_CHANNEL_TYPE_REGIONAL / LOCAL_RATE,510.590898513794,510.590898513794,2,1,True
PREV_CHANNEL_TYPE_CONTACT CENTER_RATE,505.6235027313232,505.6235027313232,2,1,True
LIVINGAREA_MEDI,505.3055000305176,505.3055000305176,2,1,True
PREV_PREV_DOWN_PAYMENT_APPLICATION_RATIO_MIN,498.72440338134766,498.72440338134766,2,1,True
YEARS_BUILD_MEDI,497.7887992858887,497.7887992858887,2,1,True
COMMONAREA_MEDI,497.6551017761231,497.6551017761231,2,1,True
PREV_NAME_CASH_LOAN_PURPOSE_XNA_RATE,495.70409774780273,495.70409774780273,2,1,True
BURO_AMT_ANNUITY_MEAN,479.45349884033203,418.11940002441406,2,2,True
LIVINGAPARTMENTS_MEDI,478.7444019317627,478.7444019317627,2,1,True
CC_AMT_CREDIT_LIMIT_ACTUAL_MIN,474.7601089477539,474.7601089477539,2,1,True
BURO_BAL_BB_STATUS_1_RATE_MEAN,473.08519744873047,473.08519744873047,2,1,True
BURO_BAL_BB_STATUS_0_MEAN,471.83939933776855,471.83939933776855,2,1,True
POS_SK_DPD_MEAN,471.0493087768554,471.0493087768554,2,1,True
PREV_NAME_PORTFOLIO_POS_RATE,469.7942962646485,469.7942962646485,2,1,True
PREV_NAME_TYPE_SUITE_CHILDREN_RATE,465.9509963989258,465.9509963989258,2,1,True
BURO_BAL_BB_BAD_STATUS_COUNT_MEAN,463.985294342041,463.985294342041,2,1,True
BURO_BAL_BB_STATUS_X_MAX,461.99440002441406,461.99440002441406,2,1,True
CC_CC_PAYMENT_MIN_RATIO_MIN,457.44129753112793,457.44129753112793,2,1,True
CC_CNT_DRAWINGS_POS_CURRENT_MAX,456.3413009643554,456.3413009643554,2,1,True
PREV_NAME_SELLER_INDUSTRY_CONSUMER ELECTRONICS_RATE,451.985595703125,451.985595703125,2,1,True
PREV_NAME_CONTRACT_STATUS_REFUSED,449.013599395752,449.013599395752,2,1,True
PREV_CHANNEL_TYPE_STONE_RATE,446.2494010925293,446.2494010925293,2,1,True
PREV_PRODUCT_COMBINATION_POS HOUSEHOLD WITHOUT INTEREST_RATE,445.52579498291016,445.52579498291016,2,1,True
PREV_NAME_GOODS_CATEGORY_FURNITURE,445.4669952392578,445.4669952392578,2,1,True
PREV_CODE_REJECT_REASON_LIMIT_RATE,445.2363967895508,445.2363967895508,2,1,True
LANDAREA_MEDI,442.75270080566406,442.75270080566406,2,1,True
CC_STATUS_ACTIVE_RATE,442.7074012756348,442.7074012756348,2,1,True
BASEMENTAREA_AVG,442.5186996459961,367.9418029785156,2,2,True
POS_STATUS_RETURNED TO THE STORE_RATE,442.166202545166,442.166202545166,2,1,True
PREV_CHANNEL_TYPE_COUNTRY-WIDE,437.8350982666016,437.8350982666016,2,1,True
BURO_TYPE_CREDIT CARD_RATE,437.8346004486084,437.8346004486084,2,1,True
PREV_NAME_PORTFOLIO_POS,433.03699684143066,433.03699684143066,2,1,True
PREV_NAME_PORTFOLIO_XNA_RATE,430.8819961547852,430.8819961547852,2,1,True
PREV_PRODUCT_COMBINATION_CASH X-SELL: LOW,430.8528022766113,430.8528022766113,2,1,True
BURO_AMT_CREDIT_SUM_DEBT_MIN,430.215799331665,430.215799331665,2,1,True
PREV_WEEKDAY_APPR_PROCESS_START_MONDAY_RATE,419.3213996887207,419.3213996887207,2,1,True
BUREAU_REQUEST_RECENT_TO_YEAR_RATIO,418.4906997680664,418.4906997680664,2,1,True
BURO_BURO_OVERDUE_CREDIT_RATIO_MAX,413.81150817871094,357.1780090332031,2,2,True
BURO_BAL_BB_STATUS_X_SUM,413.73059463500977,413.73059463500977,2,1,True
OBS_60_CNT_SOCIAL_CIRCLE,406.2307968139648,406.2307968139648,2,1,True
BURO_BAL_BB_MONTHS_BALANCE_MEAN_SUM,403.9930038452149,403.9930038452149,2,1,True
PREV_RECORD_COUNT,403.0866012573242,214.22530364990237,2,2,True
PREV_HOUR_APPR_PROCESS_START_MIN,401.7389030456543,401.7389030456543,2,1,True
PREV_NAME_CONTRACT_TYPE_REVOLVING LOANS_RATE,400.9638977050781,400.9638977050781,2,1,True
PREV_NAME_YIELD_GROUP_MIDDLE_RATE,399.9391975402832,399.9391975402832,2,1,True
PREV_NAME_GOODS_CATEGORY_CLOTHING AND ACCESSORIES_RATE,397.6378021240234,397.6378021240234,2,1,True
BURO_AMT_CREDIT_SUM_OVERDUE_SUM,393.3569030761719,393.3569030761719,2,1,True
PREV_NAME_CASH_LOAN_PURPOSE_WEDDING / GIFT / HOLIDAY,392.7005023956299,392.7005023956299,2,1,True
ENTRANCES_MODE,391.2476043701172,391.2476043701172,2,1,True
PREV_NAME_GOODS_CATEGORY_XNA_RATE,388.3370018005371,388.3370018005371,2,1,True
NONLIVINGAREA_MODE,379.50670623779297,281.82330322265625,2,2,True
BURO_BURO_OVERDUE_CREDIT_RATIO_MEAN,379.38669204711914,223.94669342041016,2,2,True
BURO_TYPE_CAR LOAN_RATE,378.8211975097656,378.8211975097656,2,1,True
IS_WEEKEND_APPLICATION,376.9839973449707,376.9839973449707,1,1,True
CC_AMT_BALANCE_MEAN,375.4482002258301,375.4482002258301,2,1,True
NAME_HOUSING_TYPE,373.606502532959,337.0259017944336,6,2,True
BURO_ACTIVE_SOLD_RATE,372.8493995666504,372.8493995666504,2,1,True
PREV_NAME_GOODS_CATEGORY_CONSUMER ELECTRONICS_RATE,369.3663940429688,369.3663940429688,2,1,True
PREV_PRODUCT_COMBINATION_CASH X-SELL: MIDDLE_RATE,368.1644973754883,368.1644973754883,2,1,True
CC_AMT_PAYMENT_TOTAL_CURRENT_SUM,364.2122039794922,364.2122039794922,2,1,True
WEEKDAY_APPR_PROCESS_START,364.04199981689453,105.61809921264648,7,5,True
BURO_BAL_BB_STATUS_X_RATE_MAX,358.633903503418,358.633903503418,2,1,True
PREV_PRODUCT_COMBINATION_POS HOUSEHOLD WITH INTEREST_RATE,355.09469985961914,355.09469985961914,2,1,True
CC_STATUS_ACTIVE,354.903902053833,354.903902053833,2,1,True
PREV_AMT_GOODS_PRICE_MAX,348.9741020202637,348.9741020202637,2,1,True
PREV_WEEKDAY_APPR_PROCESS_START_FRIDAY_RATE,348.2198028564453,348.2198028564453,2,1,True
INST_RECORD_COUNT,343.6393013000488,343.6393013000488,2,1,True
CC_AMT_CREDIT_LIMIT_ACTUAL_MAX,340.9172058105469,340.9172058105469,2,1,True
CC_AMT_DRAWINGS_POS_CURRENT_MAX,340.27070236206055,340.27070236206055,2,1,True
ENTRANCES_MEDI,339.0545959472656,339.0545959472656,2,1,True
BURO_AMT_ANNUITY_SUM,332.2431011199951,332.2431011199951,2,1,True
PREV_DAYS_FIRST_DRAWING_SUM,328.16350173950195,328.16350173950195,2,1,True
PREV_NAME_TYPE_SUITE_UNACCOMPANIED,327.79649353027344,327.79649353027344,2,1,True
PREV_NAME_TYPE_SUITE_NAN,325.7863998413086,325.7863998413086,2,1,True
PREV_PRODUCT_COMBINATION_POS HOUSEHOLD WITH INTEREST,321.3168067932129,321.3168067932129,2,1,True
OBS_30_CNT_SOCIAL_CIRCLE,319.7943992614746,319.7943992614746,2,1,True
CC_AMT_RECIVABLE_MIN,318.02760314941406,318.02760314941406,2,1,True
PREV_PRODUCT_COMBINATION_CASH STREET: MIDDLE_RATE,317.3843994140625,317.3843994140625,2,1,True
DEF_60_CNT_SOCIAL_CIRCLE,312.8740005493164,312.8740005493164,2,1,True
PREV_NAME_PAYMENT_TYPE_XNA_RATE,311.97660064697266,311.97660064697266,2,1,True
BURO_AMT_ANNUITY_MAX,304.221004486084,304.221004486084,2,1,True
PREV_PRODUCT_COMBINATION_POS INDUSTRY WITHOUT INTEREST,303.92480087280273,303.92480087280273,2,1,True
CC_AMT_INST_MIN_REGULARITY_SUM,300.5147018432617,300.5147018432617,2,1,True
PREV_NAME_SELLER_INDUSTRY_CONNECTIVITY,299.96949577331543,299.96949577331543,2,1,True
CC_STATUS_COMPLETED_RATE,298.27220153808594,298.27220153808594,2,1,True
POS_STATUS_SIGNED_RATE,286.3902015686035,286.3902015686035,2,1,True
NONLIVINGAPARTMENTS_MEDI,285.80799865722656,285.80799865722656,2,1,True
PREV_WEEKDAY_APPR_PROCESS_START_SUNDAY_RATE,285.0515022277832,285.0515022277832,2,1,True
PREV_CHANNEL_TYPE_CREDIT AND CASH OFFICES,284.1108989715576,284.1108989715576,2,1,True
CC_AMT_RECIVABLE_MEAN,283.0502986907959,283.0502986907959,2,1,True
BURO_BAL_BB_STATUS_1_SUM,280.7881965637207,280.7881965637207,2,1,True
CC_AMT_DRAWINGS_ATM_CURRENT_MAX,279.348201751709,279.348201751709,2,1,True
CC_AMT_RECEIVABLE_PRINCIPAL_MEAN,276.3878974914551,276.3878974914551,2,1,True
CC_AMT_TOTAL_RECEIVABLE_MAX,275.5510025024414,275.5510025024414,2,1,True
PREV_NAME_GOODS_CATEGORY_CONSTRUCTION MATERIALS_RATE,272.40159606933594,272.40159606933594,2,1,True
CC_SK_DPD_MEAN,270.71470069885254,270.71470069885254,2,1,True
CC_CC_DRAWING_LIMIT_RATIO_MAX,270.07019805908203,270.07019805908203,2,1,True
REGION_RATING_CLIENT,268.4847984313965,268.4847984313965,1,1,True
BURO_BURO_DEBT_CREDIT_RATIO_MIN,268.3987007141113,268.3987007141113,2,1,True
PREV_CHANNEL_TYPE_COUNTRY-WIDE_RATE,267.96240425109863,267.96240425109863,2,1,True
ADDRESS_MISMATCH_COUNT,267.51219940185547,267.51219940185547,1,1,True
PREV_NAME_PORTFOLIO_CASH_RATE,267.08850288391113,267.08850288391113,2,1,True
PREV_WEEKDAY_APPR_PROCESS_START_WEDNESDAY_RATE,265.07559967041016,265.07559967041016,2,1,True
PREV_PRODUCT_COMBINATION_POS MOBILE WITHOUT INTEREST_RATE,263.4472961425781,263.4472961425781,2,1,True
BURO_BAL_BB_STATUS_1_RATE_MAX,262.71949768066406,262.71949768066406,2,1,True
BURO_AMT_CREDIT_MAX_OVERDUE_MIN,261.60499572753906,261.60499572753906,2,1,True
PREV_CODE_REJECT_REASON_HC,260.4209976196289,260.4209976196289,2,1,True
POS_SK_DPD_SUM,259.8510990142822,259.8510990142822,2,1,True
NONLIVINGAPARTMENTS_AVG,255.11660385131833,220.59750366210935,2,2,True
DEF_30_CNT_SOCIAL_CIRCLE,254.5714988708496,254.5714988708496,2,1,True
PREV_NAME_GOODS_CATEGORY_AUDIO/VIDEO_RATE,250.071102142334,250.071102142334,2,1,True
CC_AMT_RECEIVABLE_PRINCIPAL_MAX,248.7782974243164,248.7782974243164,2,1,True
PREV_NAME_CONTRACT_STATUS_CANCELED,245.77149963378903,245.77149963378903,2,1,True
CC_AMT_PAYMENT_TOTAL_CURRENT_MAX,245.6110954284668,245.6110954284668,2,1,True
CC_AMT_DRAWINGS_POS_CURRENT_SUM,244.55149841308597,244.55149841308597,2,1,True
PREV_NAME_CONTRACT_TYPE_CASH LOANS_RATE,243.67019844055176,243.67019844055176,2,1,True
PREV_PRODUCT_COMBINATION_CARD STREET_RATE,243.39889526367188,243.39889526367188,2,1,True
PREV_NAME_SELLER_INDUSTRY_CLOTHING_RATE,243.2547035217285,243.2547035217285,2,1,True
CC_AMT_BALANCE_MIN,234.34389877319336,234.34389877319336,2,1,True
CC_AMT_DRAWINGS_CURRENT_MAX,231.3765983581543,231.3765983581543,2,1,True
CNT_FAM_MEMBERS,223.92659950256348,223.92659950256348,2,1,True
YEARS_BUILD_AVG,223.26589965820312,223.26589965820312,2,1,True
FLAG_EMP_PHONE,221.4012985229492,221.4012985229492,1,1,True
PREV_CODE_REJECT_REASON_SCOFR_RATE,221.0443992614746,221.0443992614746,2,1,True
CC_MONTHS_BALANCE_SUM,218.83050155639648,218.83050155639648,2,1,True
BURO_BAL_BB_STATUS_1_MAX,217.3451995849609,217.3451995849609,2,1,True
BURO_BAL_BB_MONTHS_BALANCE_COUNT_MAX,216.85479927062988,216.85479927062988,2,1,True
CC_MONTHS_BALANCE_MEAN,211.37229919433597,211.37229919433597,2,1,True
PREV_NAME_SELLER_INDUSTRY_CONSUMER ELECTRONICS,209.9454002380371,209.9454002380371,2,1,True
PREV_PRODUCT_COMBINATION_CASH X-SELL: HIGH,204.2814979553223,204.2814979553223,2,1,True
PREV_PRODUCT_COMBINATION_CARD X-SELL_RATE,202.6766014099121,202.6766014099121,2,1,True
PREV_NAME_YIELD_GROUP_MIDDLE,198.84810256958008,198.84810256958008,2,1,True
CC_CNT_INSTALMENT_MATURE_CUM_MAX,197.2050018310547,197.2050018310547,2,1,True
PREV_NAME_YIELD_GROUP_XNA,196.8032989501953,196.8032989501953,2,1,True
PREV_PRODUCT_COMBINATION_CASH_RATE,195.7433013916016,195.7433013916016,2,1,True
BURO_BAL_BB_MONTHS_BALANCE_MAX_SUM,194.3065948486328,194.3065948486328,2,1,True
CC_AMT_INST_MIN_REGULARITY_MAX,190.63439559936523,190.63439559936523,2,1,True
CC_AMT_PAYMENT_CURRENT_MIN,188.75960540771484,188.75960540771484,2,1,True
PREV_NAME_GOODS_CATEGORY_MOBILE,188.6442031860352,188.6442031860352,2,1,True
ELEVATORS_MEDI,186.6535987854004,186.6535987854004,2,1,True
FLOORSMIN_MODE,183.5006980895996,183.5006980895996,2,1,True
CC_CNT_DRAWINGS_POS_CURRENT_SUM,183.16170120239255,183.16170120239255,2,1,True
PREV_NAME_CASH_LOAN_PURPOSE_REPAIRS_RATE,181.9219017028809,181.9219017028809,2,1,True
BUILDING_FEATURE_MISSING_COUNT,181.08589935302732,181.08589935302732,1,1,True
PREV_WEEKDAY_APPR_PROCESS_START_SATURDAY,179.11320114135742,179.11320114135742,2,1,True
PREV_WEEKDAY_APPR_PROCESS_START_WEDNESDAY,178.4850959777832,178.4850959777832,2,1,True
PREV_NAME_PRODUCT_TYPE_XNA,175.57990264892578,175.57990264892578,2,1,True
"PREV_NAME_TYPE_SUITE_SPOUSE, PARTNER",174.54060173034668,174.54060173034668,2,1,True
PREV_CODE_REJECT_REASON_LIMIT,173.8386001586914,173.8386001586914,2,1,True
BURO_BAL_BB_STATUS_1_RATE_SUM,173.67359924316406,173.67359924316406,2,1,True
FLAG_PHONE,172.0551986694336,172.0551986694336,1,1,True
PREV_PRODUCT_COMBINATION_POS OTHER WITH INTEREST_RATE,163.98590087890625,163.98590087890625,2,1,True
FLOORSMIN_AVG,163.77620315551758,163.77620315551758,2,1,True
POS_SK_DPD_MIN,160.1516990661621,160.1516990661621,2,1,True
PREV_NAME_PAYMENT_TYPE_CASH THROUGH THE BANK,159.5182991027832,159.5182991027832,2,1,True
PREV_NAME_GOODS_CATEGORY_COMPUTERS_RATE,159.0728988647461,159.0728988647461,2,1,True
PREV_NAME_CLIENT_TYPE_REFRESHED,156.6009979248047,156.6009979248047,2,1,True
PREV_NAME_GOODS_CATEGORY_MEDICAL SUPPLIES_RATE,155.41529846191406,155.41529846191406,2,1,True
BURO_BAL_BB_STATUS_2_MEAN,155.0493049621582,155.0493049621582,2,1,True
PREV_CHANNEL_TYPE_CHANNEL OF CORPORATE SALES,154.36660194396973,154.36660194396973,2,1,True
BURO_AMT_CREDIT_SUM_LIMIT_MIN,149.17729949951172,113.9990005493164,2,2,True
CC_CNT_DRAWINGS_POS_CURRENT_MIN,147.70050048828125,147.70050048828125,2,1,True
BURO_BAL_BB_STATUS_1_MEAN,147.06999969482422,147.06999969482422,2,1,True
BURO_AMT_ANNUITY_MIN,145.16529846191406,145.16529846191406,2,1,True
PREV_RATE_INTEREST_PRIVILEGED_SUM,144.27060317993164,144.27060317993164,2,1,True
PREV_CHANNEL_TYPE_AP+ (CASH LOAN),143.5270004272461,143.5270004272461,2,1,True
BUREAU_REQUEST_RECENT,142.42180633544922,142.42180633544922,2,1,True
BURO_TYPE_CAR LOAN,142.00640296936035,142.00640296936035,2,1,True
PREV_PRODUCT_COMBINATION_POS INDUSTRY WITH INTEREST,141.88479614257812,141.88479614257812,2,1,True
PREV_NAME_GOODS_CATEGORY_PHOTO / CINEMA EQUIPMENT,135.23049926757812,135.23049926757812,2,1,True
AMT_REQ_CREDIT_BUREAU_YEAR,134.74589920043945,134.74589920043945,2,1,True
PREV_CODE_REJECT_REASON_SCO,134.06669998168945,134.06669998168945,2,1,True
PREV_CHANNEL_TYPE_REGIONAL / LOCAL,131.29180145263672,131.29180145263672,2,1,True
PREV_PRODUCT_COMBINATION_POS MOBILE WITH INTEREST,131.28449630737305,131.28449630737305,2,1,True
PREV_NAME_GOODS_CATEGORY_GARDENING_RATE,131.11169815063477,131.11169815063477,2,1,True
AMT_REQ_CREDIT_BUREAU_DAY,130.43349838256836,130.43349838256836,2,1,True
PREV_PRODUCT_COMBINATION_CARD STREET,130.33090209960938,130.33090209960938,2,1,True
CC_AMT_PAYMENT_TOTAL_CURRENT_MIN,127.34769821166992,127.34769821166992,2,1,True
PREV_NAME_YIELD_GROUP_LOW_NORMAL,125.28360366821288,125.28360366821288,2,1,True
CC_AMT_RECIVABLE_SUM,120.60840225219728,120.60840225219728,2,1,True
AMT_REQ_CREDIT_BUREAU_HOUR,120.55660247802734,74.756103515625,2,2,True
PREV_NFLAG_INSURED_ON_APPROVAL_SUM,119.92780303955078,119.92780303955078,2,1,True
CC_RECORD_COUNT,118.28400421142578,118.28400421142578,2,1,True
PREV_NAME_PRODUCT_TYPE_X-SELL,117.82210159301758,117.82210159301758,2,1,True
CC_AMT_DRAWINGS_OTHER_CURRENT_MAX,114.57100296020508,114.57100296020508,2,1,True
PREV_NAME_CONTRACT_TYPE_CONSUMER LOANS_RATE,112.78219985961914,112.78219985961914,2,1,True
PREV_NAME_GOODS_CATEGORY_CONSUMER ELECTRONICS,111.05970191955566,111.05970191955566,2,1,True
PREV_PRODUCT_COMBINATION_CASH,110.11700057983398,110.11700057983398,2,1,True
FLAG_OWN_REALTY,107.27239990234375,53.973899841308594,2,2,True
POS_STATUS_SIGNED,106.44319915771484,106.44319915771484,2,1,True
PREV_NAME_PAYMENT_TYPE_XNA,106.37349700927734,106.37349700927734,2,1,True
PREV_PRODUCT_COMBINATION_CASH X-SELL: MIDDLE,106.22739791870116,106.22739791870116,2,1,True
PREV_NAME_CASH_LOAN_PURPOSE_XAP,106.20750045776369,106.20750045776369,2,1,True
PREV_NAME_CASH_LOAN_PURPOSE_OTHER_RATE,105.0702018737793,105.0702018737793,2,1,True
CC_AMT_RECEIVABLE_PRINCIPAL_SUM,103.83459854125977,103.83459854125977,2,1,True
POS_STATUS_COMPLETED,103.54929733276369,103.54929733276369,2,1,True
BURO_BAL_BB_BAD_STATUS_COUNT_MAX,103.41510009765624,103.41510009765624,2,1,True
PREV_NAME_GOODS_CATEGORY_CONSTRUCTION MATERIALS,101.61700057983398,101.61700057983398,2,1,True
PREV_CODE_REJECT_REASON_SCOFR,99.72579956054688,99.72579956054688,2,1,True
NAME_TYPE_SUITE,98.37950134277344,98.37950134277344,7,1,True
PREV_NAME_TYPE_SUITE_OTHER_B_RATE,97.9915008544922,97.9915008544922,2,1,True
CNT_CHILDREN,94.83380126953124,94.83380126953124,1,1,True
BURO_AMT_CREDIT_SUM_OVERDUE_MEAN,93.47870254516602,93.47870254516602,2,1,True
PREV_NAME_GOODS_CATEGORY_XNA,93.24919891357422,93.24919891357422,2,1,True
CC_SK_DPD_DEF_MEAN,92.35060119628906,92.35060119628906,2,1,True
PREV_NAME_PORTFOLIO_CASH,91.027099609375,91.027099609375,2,1,True
CC_CC_UTILIZATION_RATIO_MIN,89.52789688110352,89.52789688110352,2,1,True
PREV_NAME_PAYMENT_TYPE_NON-CASH FROM YOUR ACCOUNT_RATE,88.93569946289062,88.93569946289062,2,1,True
PREV_NAME_CONTRACT_TYPE_CONSUMER LOANS,88.41659927368164,88.41659927368164,2,1,True
CC_STATUS_COMPLETED,88.24589920043945,88.24589920043945,2,1,True
PREV_NAME_CLIENT_TYPE_REPEATER,88.20169830322266,88.20169830322266,2,1,True
PREV_PRODUCT_COMBINATION_CARD X-SELL,86.68219757080078,86.68219757080078,2,1,True
BURO_BAL_BB_STATUS_2_RATE_SUM,85.61079788208008,85.61079788208008,2,1,True
CC_AMT_BALANCE_SUM,84.79879760742188,84.79879760742188,2,1,True
BURO_BAL_BB_MONTHS_BALANCE_MAX_MAX,84.66449737548828,84.66449737548828,2,1,True
PREV_NAME_SELLER_INDUSTRY_AUTO TECHNOLOGY_RATE,84.17730331420898,84.17730331420898,2,1,True
PREV_NAME_CONTRACT_STATUS_UNUSED OFFER_RATE,84.14029884338379,84.14029884338379,2,1,True
CC_AMT_PAYMENT_CURRENT_MAX,83.3832015991211,83.3832015991211,2,1,True
CC_AMT_PAYMENT_TOTAL_CURRENT_MEAN,83.02020263671875,83.02020263671875,2,1,True
BURO_BAL_BB_STATUS_3_RATE_MEAN,81.22750091552734,81.22750091552734,2,1,True
PREV_NAME_GOODS_CATEGORY_AUDIO/VIDEO,80.61600112915039,80.61600112915039,2,1,True
PREV_NAME_GOODS_CATEGORY_JEWELRY_RATE,79.49169921875,79.49169921875,2,1,True
PREV_NAME_GOODS_CATEGORY_SPORT AND LEISURE,76.13360214233398,76.13360214233398,2,1,True
PREV_NAME_CASH_LOAN_PURPOSE_XNA,75.67590141296387,75.67590141296387,2,1,True
PREV_PRODUCT_COMBINATION_POS MOBILE WITHOUT INTEREST,73.80840301513672,73.80840301513672,2,1,True
PREV_CHANNEL_TYPE_CONTACT CENTER,70.13780212402344,70.13780212402344,2,1,True
CC_AMT_INST_MIN_REGULARITY_MEAN,70.07479858398438,70.07479858398438,2,1,True
BURO_CREDIT_TYPE_NUNIQUE,69.11659812927246,69.11659812927246,2,1,True
PREV_NAME_GOODS_CATEGORY_DIRECT SALES_RATE,67.70919990539551,67.70919990539551,2,1,True
PREV_NAME_SELLER_INDUSTRY_FURNITURE,66.35059928894043,66.35059928894043,2,1,True
PREV_NAME_GOODS_CATEGORY_MEDICINE,61.56449890136719,61.56449890136719,2,1,True
CC_SK_DPD_SUM,61.04330062866211,61.04330062866211,2,1,True
PREV_NAME_CASH_LOAN_PURPOSE_XAP_RATE,57.78419876098633,57.78419876098633,2,1,True
PREV_NAME_TYPE_SUITE_OTHER_A_RATE,56.54040145874024,56.54040145874024,2,1,True
PREV_NAME_YIELD_GROUP_LOW_ACTION,56.52750015258789,56.52750015258789,2,1,True
CC_AMT_TOTAL_RECEIVABLE_MEAN,56.30739974975586,56.30739974975586,2,1,True
POS_STATUS_APPROVED,56.0551986694336,56.0551986694336,2,1,True
PREV_NAME_SELLER_INDUSTRY_XNA,55.362098693847656,55.362098693847656,2,1,True
AMT_REQ_CREDIT_BUREAU_MON,54.7942008972168,54.7942008972168,2,1,True
CC_SK_DPD_MAX,54.29410171508789,54.29410171508789,2,1,True
PREV_NAME_GOODS_CATEGORY_AUTO ACCESSORIES,53.98910140991211,53.98910140991211,2,1,True
PREV_NAME_SELLER_INDUSTRY_INDUSTRY_RATE,53.2046012878418,53.2046012878418,2,1,True
REG_REGION_NOT_WORK_REGION,52.11940002441406,52.11940002441406,1,1,True
BURO_BAL_BB_STATUS_5_RATE_MAX,52.04800033569336,52.04800033569336,2,1,True
POS_SK_DPD_MAX,51.73410034179688,51.73410034179688,2,1,True
CC_SK_DPD_DEF_MAX,50.3302001953125,50.3302001953125,2,1,True
FLOORSMIN_MEDI,49.79230117797852,49.79230117797852,2,1,True
CC_AMT_DRAWINGS_POS_CURRENT_MEAN,48.53369903564453,48.53369903564453,2,1,True
CC_CNT_DRAWINGS_CURRENT_MIN,48.09299850463867,48.09299850463867,2,1,True
PREV_NAME_SELLER_INDUSTRY_CLOTHING,47.894901275634766,47.894901275634766,2,1,True
PREV_RATE_INTEREST_PRIVILEGED_MAX,47.74309921264648,47.74309921264648,2,1,True
BUILDING_FEATURE_AVAILABLE_COUNT,47.45040130615234,47.45040130615234,1,1,True
CHILDREN_RATIO,47.11289978027344,47.11289978027344,2,1,True
PREV_WEEKDAY_APPR_PROCESS_START_TUESDAY,46.856201171875,46.856201171875,2,1,True
CC_MONTHS_BALANCE_MIN,46.421199798583984,46.421199798583984,2,1,True
PREV_PRODUCT_COMBINATION_CASH STREET: HIGH,46.00859832763672,46.00859832763672,2,1,True
PREV_NAME_GOODS_CATEGORY_HOMEWARES,45.42449951171875,45.42449951171875,2,1,True
PREV_NAME_CASH_LOAN_PURPOSE_BUYING A NEW CAR_RATE,45.22299957275391,45.22299957275391,2,1,True
CC_AMT_DRAWINGS_OTHER_CURRENT_SUM,43.60240173339844,43.60240173339844,2,1,True
CC_CNT_DRAWINGS_POS_CURRENT_MEAN,43.18569946289063,43.18569946289063,2,1,True
PREV_RATE_INTEREST_PRIMARY_SUM,41.97579956054688,41.97579956054688,2,1,True
ELEVATORS_MODE,41.887298583984375,41.887298583984375,2,1,True
PREV_NAME_GOODS_CATEGORY_SPORT AND LEISURE_RATE,41.2765998840332,41.2765998840332,2,1,True
BURO_CNT_CREDIT_PROLONG_MEAN,41.088600158691406,41.088600158691406,2,1,True
PREV_NAME_TYPE_SUITE_GROUP OF PEOPLE_RATE,40.83539962768555,40.83539962768555,2,1,True
LIVE_REGION_NOT_WORK_REGION,39.78020095825195,39.78020095825195,1,1,True
PREV_WEEKDAY_APPR_PROCESS_START_MONDAY,38.24580001831055,38.24580001831055,2,1,True
PREV_NAME_CONTRACT_STATUS_UNUSED OFFER,37.9536018371582,37.9536018371582,2,1,True
PREV_PRODUCT_COMBINATION_CASH STREET: MIDDLE,36.982200622558594,36.982200622558594,2,1,True
"PREV_NAME_TYPE_SUITE_SPOUSE, PARTNER_RATE",36.487300872802734,36.487300872802734,2,1,True
PREV_WEEKDAY_APPR_PROCESS_START_SUNDAY,35.687400817871094,35.687400817871094,2,1,True
CC_MONTHS_BALANCE_MAX,35.18960189819336,35.18960189819336,2,1,True
CC_CNT_DRAWINGS_ATM_CURRENT_MAX,34.65190124511719,34.65190124511719,2,1,True
PREV_CODE_REJECT_REASON_XAP,34.44879913330078,34.44879913330078,2,1,True
PREV_NFLAG_LAST_APPL_IN_DAY_SUM,32.45690155029297,32.45690155029297,2,1,True
CC_CNT_DRAWINGS_OTHER_CURRENT_MEAN,29.425899505615234,29.425899505615234,2,1,True
PREV_CHANNEL_TYPE_STONE,29.043800354003903,29.043800354003903,2,1,True
POS_POS_COMPLETION_RATIO_MAX,27.008899688720703,27.008899688720703,2,1,True
PREV_AMT_GOODS_PRICE_SUM,25.27140045166016,25.27140045166016,2,1,True
BURO_CNT_CREDIT_PROLONG_MAX,23.99799919128418,23.99799919128418,2,1,True
PREV_NAME_CLIENT_TYPE_NEW,23.65839958190918,23.65839958190918,2,1,True
AMT_REQ_CREDIT_BUREAU_WEEK,0.0,0.0,2,0,True
BURO_ACTIVE_BAD DEBT,0.0,0.0,2,0,True
BURO_ACTIVE_BAD DEBT_RATE,0.0,0.0,2,0,True
BURO_ACTIVE_NAN,0.0,0.0,2,0,True
BURO_ACTIVE_NAN_RATE,0.0,0.0,2,0,True
BURO_ACTIVE_SOLD,0.0,0.0,2,0,True
BURO_AMT_CREDIT_SUM_OVERDUE_MIN,0.0,0.0,2,0,True
BURO_BAL_BB_BAD_STATUS_COUNT_SUM,0.0,0.0,2,0,True
BURO_BAL_BB_STATUS_2_MAX,0.0,0.0,2,0,True
BURO_BAL_BB_STATUS_2_RATE_MAX,0.0,0.0,2,0,True
BURO_BAL_BB_STATUS_2_RATE_MEAN,0.0,0.0,2,0,True
BURO_BAL_BB_STATUS_2_SUM,0.0,0.0,2,0,True
BURO_BAL_BB_STATUS_3_MAX,0.0,0.0,2,0,True
BURO_BAL_BB_STATUS_3_MEAN,0.0,0.0,2,0,True
BURO_BAL_BB_STATUS_3_RATE_MAX,0.0,0.0,2,0,True
BURO_BAL_BB_STATUS_3_RATE_SUM,0.0,0.0,2,0,True
BURO_BAL_BB_STATUS_3_SUM,0.0,0.0,2,0,True
BURO_BAL_BB_STATUS_4_MAX,0.0,0.0,2,0,True
BURO_BAL_BB_STATUS_4_MEAN,0.0,0.0,2,0,True
BURO_BAL_BB_STATUS_4_RATE_MAX,0.0,0.0,2,0,True
BURO_BAL_BB_STATUS_4_RATE_MEAN,0.0,0.0,2,0,True
BURO_BAL_BB_STATUS_4_RATE_SUM,0.0,0.0,2,0,True
BURO_BAL_BB_STATUS_4_SUM,0.0,0.0,2,0,True
BURO_BAL_BB_STATUS_5_MAX,0.0,0.0,2,0,True
BURO_BAL_BB_STATUS_5_MEAN,0.0,0.0,2,0,True
BURO_BAL_BB_STATUS_5_RATE_MEAN,0.0,0.0,2,0,True
BURO_BAL_BB_STATUS_5_RATE_SUM,0.0,0.0,2,0,True
BURO_BAL_BB_STATUS_5_SUM,0.0,0.0,2,0,True
BURO_BAL_BB_STATUS_NAN_MAX,0.0,0.0,2,0,True
BURO_BAL_BB_STATUS_NAN_MEAN,0.0,0.0,2,0,True
BURO_BAL_BB_STATUS_NAN_RATE_MAX,0.0,0.0,2,0,True
BURO_BAL_BB_STATUS_NAN_RATE_MEAN,0.0,0.0,2,0,True
BURO_BAL_BB_STATUS_NAN_RATE_SUM,0.0,0.0,2,0,True
BURO_BAL_BB_STATUS_NAN_SUM,0.0,0.0,2,0,True
BURO_BURO_OVERDUE_CREDIT_RATIO_MIN,0.0,0.0,2,0,True
BURO_BURO_OVERDUE_CREDIT_RATIO_SUM,0.0,0.0,2,0,True
BURO_CNT_CREDIT_PROLONG_MIN,0.0,0.0,2,0,True
BURO_CNT_CREDIT_PROLONG_SUM,0.0,0.0,2,0,True
BURO_CREDIT_CURRENCY_NUNIQUE,0.0,0.0,2,0,True
BURO_CREDIT_DAY_OVERDUE_MAX,0.0,0.0,2,0,True
BURO_CREDIT_DAY_OVERDUE_MEAN,0.0,0.0,2,0,True
BURO_CREDIT_DAY_OVERDUE_MIN,0.0,0.0,2,0,True
BURO_CREDIT_DAY_OVERDUE_SUM,0.0,0.0,2,0,True
BURO_TYPE_ANOTHER TYPE OF LOAN,0.0,0.0,2,0,True
BURO_TYPE_ANOTHER TYPE OF LOAN_RATE,0.0,0.0,2,0,True
BURO_TYPE_CASH LOAN (NON-EARMARKED),0.0,0.0,2,0,True
BURO_TYPE_CASH LOAN (NON-EARMARKED)_RATE,0.0,0.0,2,0,True
BURO_TYPE_INTERBANK CREDIT,0.0,0.0,2,0,True
BURO_TYPE_INTERBANK CREDIT_RATE,0.0,0.0,2,0,True
BURO_TYPE_LOAN FOR BUSINESS DEVELOPMENT,0.0,0.0,2,0,True
BURO_TYPE_LOAN FOR BUSINESS DEVELOPMENT_RATE,0.0,0.0,2,0,True
BURO_TYPE_LOAN FOR PURCHASE OF SHARES (MARGIN LENDING),0.0,0.0,2,0,True
BURO_TYPE_LOAN FOR PURCHASE OF SHARES (MARGIN LENDING)_RATE,0.0,0.0,2,0,True
BURO_TYPE_LOAN FOR THE PURCHASE OF EQUIPMENT,0.0,0.0,2,0,True
BURO_TYPE_LOAN FOR THE PURCHASE OF EQUIPMENT_RATE,0.0,0.0,2,0,True
BURO_TYPE_LOAN FOR WORKING CAPITAL REPLENISHMENT,0.0,0.0,2,0,True
BURO_TYPE_LOAN FOR WORKING CAPITAL REPLENISHMENT_RATE,0.0,0.0,2,0,True
BURO_TYPE_MOBILE OPERATOR LOAN,0.0,0.0,2,0,True
BURO_TYPE_MOBILE OPERATOR LOAN_RATE,0.0,0.0,2,0,True
BURO_TYPE_NAN,0.0,0.0,2,0,True
BURO_TYPE_NAN_RATE,0.0,0.0,2,0,True
BURO_TYPE_REAL ESTATE LOAN,0.0,0.0,2,0,True
BURO_TYPE_REAL ESTATE LOAN_RATE,0.0,0.0,2,0,True
BURO_TYPE_UNKNOWN TYPE OF LOAN,0.0,0.0,2,0,True
BURO_TYPE_UNKNOWN TYPE OF LOAN_RATE,0.0,0.0,2,0,True
CC_AMT_DRAWINGS_ATM_CURRENT_MIN,0.0,0.0,2,0,True
CC_AMT_DRAWINGS_CURRENT_MIN,0.0,0.0,2,0,True
CC_AMT_DRAWINGS_OTHER_CURRENT_MEAN,0.0,0.0,2,0,True
CC_AMT_DRAWINGS_OTHER_CURRENT_MIN,0.0,0.0,2,0,True
CC_AMT_DRAWINGS_POS_CURRENT_MIN,0.0,0.0,2,0,True
CC_AMT_INST_MIN_REGULARITY_MIN,0.0,0.0,2,0,True
CC_AMT_TOTAL_RECEIVABLE_MIN,0.0,0.0,2,0,True
CC_AMT_TOTAL_RECEIVABLE_SUM,0.0,0.0,2,0,True
CC_CC_DRAWING_LIMIT_RATIO_MIN,0.0,0.0,2,0,True
CC_CNT_DRAWINGS_ATM_CURRENT_MIN,0.0,0.0,2,0,True
CC_CNT_DRAWINGS_OTHER_CURRENT_MAX,0.0,0.0,2,0,True
CC_CNT_DRAWINGS_OTHER_CURRENT_MIN,0.0,0.0,2,0,True
CC_CNT_DRAWINGS_OTHER_CURRENT_SUM,0.0,0.0,2,0,True
CC_CNT_INSTALMENT_MATURE_CUM_MIN,0.0,0.0,2,0,True
CC_SK_DPD_DEF_MIN,0.0,0.0,2,0,True
CC_SK_DPD_DEF_SUM,0.0,0.0,2,0,True
CC_SK_DPD_MIN,0.0,0.0,2,0,True
CC_STATUS_APPROVED,0.0,0.0,2,0,True
CC_STATUS_APPROVED_RATE,0.0,0.0,2,0,True
CC_STATUS_DEMAND,0.0,0.0,2,0,True
CC_STATUS_DEMAND_RATE,0.0,0.0,2,0,True
CC_STATUS_NAN,0.0,0.0,2,0,True
CC_STATUS_NAN_RATE,0.0,0.0,2,0,True
CC_STATUS_REFUSED,0.0,0.0,2,0,True
CC_STATUS_REFUSED_RATE,0.0,0.0,2,0,True
CC_STATUS_SENT PROPOSAL,0.0,0.0,2,0,True
CC_STATUS_SIGNED,0.0,0.0,2,0,True
CC_STATUS_SIGNED_RATE,0.0,0.0,2,0,True
FLAG_EMAIL,0.0,0.0,1,0,True
INST_INST_LATE_PAYMENT_FLAG_MAX,0.0,0.0,2,0,True
INST_INST_LATE_PAYMENT_FLAG_MIN,0.0,0.0,2,0,True
INST_INST_UNDERPAYMENT_FLAG_MAX,0.0,0.0,2,0,True
INST_INST_UNDERPAYMENT_FLAG_MIN,0.0,0.0,2,0,True
INST_NUM_INSTALMENT_NUMBER_MIN,0.0,0.0,2,0,True
INST_NUM_INSTALMENT_VERSION_MIN,0.0,0.0,2,0,True
IS_NIGHT_APPLICATION,0.0,0.0,1,0,True
LIVE_CITY_NOT_WORK_CITY,0.0,0.0,1,0,True
POS_CNT_INSTALMENT_FUTURE_MIN,0.0,0.0,2,0,True
POS_SK_DPD_DEF_MIN,0.0,0.0,2,0,True
POS_STATUS_AMORTIZED DEBT,0.0,0.0,2,0,True
POS_STATUS_AMORTIZED DEBT_RATE,0.0,0.0,2,0,True
POS_STATUS_APPROVED_RATE,0.0,0.0,2,0,True
POS_STATUS_CANCELED,0.0,0.0,2,0,True
POS_STATUS_CANCELED_RATE,0.0,0.0,2,0,True
POS_STATUS_DEMAND,0.0,0.0,2,0,True
POS_STATUS_DEMAND_RATE,0.0,0.0,2,0,True
POS_STATUS_NAN,0.0,0.0,2,0,True
POS_STATUS_NAN_RATE,0.0,0.0,2,0,True
POS_STATUS_RETURNED TO THE STORE,0.0,0.0,2,0,True
POS_STATUS_XNA,0.0,0.0,2,0,True
POS_STATUS_XNA_RATE,0.0,0.0,2,0,True
PREV_CHANNEL_TYPE_CAR DEALER,0.0,0.0,2,0,True
PREV_CHANNEL_TYPE_CAR DEALER_RATE,0.0,0.0,2,0,True
PREV_CHANNEL_TYPE_NAN,0.0,0.0,2,0,True
PREV_CHANNEL_TYPE_NAN_RATE,0.0,0.0,2,0,True
PREV_CNT_PAYMENT_MIN,0.0,0.0,2,0,True
PREV_CODE_REJECT_REASON_CLIENT,0.0,0.0,2,0,True
PREV_CODE_REJECT_REASON_CLIENT_RATE,0.0,0.0,2,0,True
PREV_CODE_REJECT_REASON_NAN,0.0,0.0,2,0,True
PREV_CODE_REJECT_REASON_NAN_RATE,0.0,0.0,2,0,True
PREV_CODE_REJECT_REASON_SYSTEM,0.0,0.0,2,0,True
PREV_CODE_REJECT_REASON_SYSTEM_RATE,0.0,0.0,2,0,True
PREV_CODE_REJECT_REASON_VERIF,0.0,0.0,2,0,True
PREV_CODE_REJECT_REASON_VERIF_RATE,0.0,0.0,2,0,True
PREV_CODE_REJECT_REASON_XNA,0.0,0.0,2,0,True
PREV_CODE_REJECT_REASON_XNA_RATE,0.0,0.0,2,0,True
PREV_FLAG_LAST_APPL_PER_CONTRACT_N,0.0,0.0,2,0,True
PREV_FLAG_LAST_APPL_PER_CONTRACT_NAN,0.0,0.0,2,0,True
PREV_FLAG_LAST_APPL_PER_CONTRACT_NAN_RATE,0.0,0.0,2,0,True
PREV_FLAG_LAST_APPL_PER_CONTRACT_N_RATE,0.0,0.0,2,0,True
PREV_FLAG_LAST_APPL_PER_CONTRACT_Y,0.0,0.0,2,0,True
PREV_FLAG_LAST_APPL_PER_CONTRACT_Y_RATE,0.0,0.0,2,0,True
PREV_NAME_CASH_LOAN_PURPOSE_BUILDING A HOUSE OR AN ANNEX,0.0,0.0,2,0,True
PREV_NAME_CASH_LOAN_PURPOSE_BUILDING A HOUSE OR AN ANNEX_RATE,0.0,0.0,2,0,True
PREV_NAME_CASH_LOAN_PURPOSE_BUSINESS DEVELOPMENT,0.0,0.0,2,0,True
PREV_NAME_CASH_LOAN_PURPOSE_BUSINESS DEVELOPMENT_RATE,0.0,0.0,2,0,True
PREV_NAME_CASH_LOAN_PURPOSE_BUYING A GARAGE,0.0,0.0,2,0,True
PREV_NAME_CASH_LOAN_PURPOSE_BUYING A GARAGE_RATE,0.0,0.0,2,0,True
PREV_NAME_CASH_LOAN_PURPOSE_BUYING A HOLIDAY HOME / LAND,0.0,0.0,2,0,True
PREV_NAME_CASH_LOAN_PURPOSE_BUYING A HOLIDAY HOME / LAND_RATE,0.0,0.0,2,0,True
PREV_NAME_CASH_LOAN_PURPOSE_BUYING A HOME,0.0,0.0,2,0,True
PREV_NAME_CASH_LOAN_PURPOSE_BUYING A HOME_RATE,0.0,0.0,2,0,True
PREV_NAME_CASH_LOAN_PURPOSE_BUYING A NEW CAR,0.0,0.0,2,0,True
PREV_NAME_CASH_LOAN_PURPOSE_BUYING A USED CAR,0.0,0.0,2,0,True
PREV_NAME_CASH_LOAN_PURPOSE_BUYING A USED CAR_RATE,0.0,0.0,2,0,True
PREV_NAME_CASH_LOAN_PURPOSE_CAR REPAIRS,0.0,0.0,2,0,True
PREV_NAME_CASH_LOAN_PURPOSE_CAR REPAIRS_RATE,0.0,0.0,2,0,True
PREV_NAME_CASH_LOAN_PURPOSE_EDUCATION,0.0,0.0,2,0,True
PREV_NAME_CASH_LOAN_PURPOSE_EDUCATION_RATE,0.0,0.0,2,0,True
PREV_NAME_CASH_LOAN_PURPOSE_EVERYDAY EXPENSES,0.0,0.0,2,0,True
PREV_NAME_CASH_LOAN_PURPOSE_EVERYDAY EXPENSES_RATE,0.0,0.0,2,0,True
PREV_NAME_CASH_LOAN_PURPOSE_FURNITURE,0.0,0.0,2,0,True
PREV_NAME_CASH_LOAN_PURPOSE_FURNITURE_RATE,0.0,0.0,2,0,True
PREV_NAME_CASH_LOAN_PURPOSE_GASIFICATION / WATER SUPPLY,0.0,0.0,2,0,True
PREV_NAME_CASH_LOAN_PURPOSE_GASIFICATION / WATER SUPPLY_RATE,0.0,0.0,2,0,True
PREV_NAME_CASH_LOAN_PURPOSE_HOBBY,0.0,0.0,2,0,True
PREV_NAME_CASH_LOAN_PURPOSE_HOBBY_RATE,0.0,0.0,2,0,True
PREV_NAME_CASH_LOAN_PURPOSE_JOURNEY,0.0,0.0,2,0,True
PREV_NAME_CASH_LOAN_PURPOSE_JOURNEY_RATE,0.0,0.0,2,0,True
PREV_NAME_CASH_LOAN_PURPOSE_MEDICINE,0.0,0.0,2,0,True
PREV_NAME_CASH_LOAN_PURPOSE_MEDICINE_RATE,0.0,0.0,2,0,True
PREV_NAME_CASH_LOAN_PURPOSE_MONEY FOR A THIRD PERSON,0.0,0.0,2,0,True
PREV_NAME_CASH_LOAN_PURPOSE_MONEY FOR A THIRD PERSON_RATE,0.0,0.0,2,0,True
PREV_NAME_CASH_LOAN_PURPOSE_NAN,0.0,0.0,2,0,True
PREV_NAME_CASH_LOAN_PURPOSE_NAN_RATE,0.0,0.0,2,0,True
PREV_NAME_CASH_LOAN_PURPOSE_OTHER,0.0,0.0,2,0,True
PREV_NAME_CASH_LOAN_PURPOSE_PAYMENTS ON OTHER LOANS,0.0,0.0,2,0,True
PREV_NAME_CASH_LOAN_PURPOSE_PAYMENTS ON OTHER LOANS_RATE,0.0,0.0,2,0,True
PREV_NAME_CASH_LOAN_PURPOSE_PURCHASE OF ELECTRONIC EQUIPMENT,0.0,0.0,2,0,True
PREV_NAME_CASH_LOAN_PURPOSE_PURCHASE OF ELECTRONIC EQUIPMENT_RATE,0.0,0.0,2,0,True
PREV_NAME_CASH_LOAN_PURPOSE_REFUSAL TO NAME THE GOAL,0.0,0.0,2,0,True
PREV_NAME_CASH_LOAN_PURPOSE_REFUSAL TO NAME THE GOAL_RATE,0.0,0.0,2,0,True
PREV_NAME_CASH_LOAN_PURPOSE_REPAIRS,0.0,0.0,2,0,True
PREV_NAME_CASH_LOAN_PURPOSE_URGENT NEEDS,0.0,0.0,2,0,True
PREV_NAME_CASH_LOAN_PURPOSE_URGENT NEEDS_RATE,0.0,0.0,2,0,True
PREV_NAME_CASH_LOAN_PURPOSE_WEDDING / GIFT / HOLIDAY_RATE,0.0,0.0,2,0,True
PREV_NAME_CLIENT_TYPE_NAN,0.0,0.0,2,0,True
PREV_NAME_CLIENT_TYPE_NAN_RATE,0.0,0.0,2,0,True
PREV_NAME_CLIENT_TYPE_XNA,0.0,0.0,2,0,True
PREV_NAME_CLIENT_TYPE_XNA_RATE,0.0,0.0,2,0,True
PREV_NAME_CONTRACT_STATUS_NAN,0.0,0.0,2,0,True
PREV_NAME_CONTRACT_STATUS_NAN_RATE,0.0,0.0,2,0,True
PREV_NAME_CONTRACT_TYPE_CASH LOANS,0.0,0.0,2,0,True
PREV_NAME_CONTRACT_TYPE_NAN,0.0,0.0,2,0,True
PREV_NAME_CONTRACT_TYPE_NAN_RATE,0.0,0.0,2,0,True
PREV_NAME_CONTRACT_TYPE_REVOLVING LOANS,0.0,0.0,2,0,True
PREV_NAME_CONTRACT_TYPE_XNA,0.0,0.0,2,0,True
PREV_NAME_CONTRACT_TYPE_XNA_RATE,0.0,0.0,2,0,True
PREV_NAME_GOODS_CATEGORY_ADDITIONAL SERVICE,0.0,0.0,2,0,True
PREV_NAME_GOODS_CATEGORY_ADDITIONAL SERVICE_RATE,0.0,0.0,2,0,True
PREV_NAME_GOODS_CATEGORY_ANIMALS,0.0,0.0,2,0,True
PREV_NAME_GOODS_CATEGORY_ANIMALS_RATE,0.0,0.0,2,0,True
PREV_NAME_GOODS_CATEGORY_AUTO ACCESSORIES_RATE,0.0,0.0,2,0,True
PREV_NAME_GOODS_CATEGORY_CLOTHING AND ACCESSORIES,0.0,0.0,2,0,True
PREV_NAME_GOODS_CATEGORY_COMPUTERS,0.0,0.0,2,0,True
PREV_NAME_GOODS_CATEGORY_DIRECT SALES,0.0,0.0,2,0,True
PREV_NAME_GOODS_CATEGORY_EDUCATION,0.0,0.0,2,0,True
PREV_NAME_GOODS_CATEGORY_EDUCATION_RATE,0.0,0.0,2,0,True
PREV_NAME_GOODS_CATEGORY_FITNESS,0.0,0.0,2,0,True
PREV_NAME_GOODS_CATEGORY_FITNESS_RATE,0.0,0.0,2,0,True
PREV_NAME_GOODS_CATEGORY_GARDENING,0.0,0.0,2,0,True
PREV_NAME_GOODS_CATEGORY_HOMEWARES_RATE,0.0,0.0,2,0,True
PREV_NAME_GOODS_CATEGORY_HOUSE CONSTRUCTION,0.0,0.0,2,0,True
PREV_NAME_GOODS_CATEGORY_HOUSE CONSTRUCTION_RATE,0.0,0.0,2,0,True
PREV_NAME_GOODS_CATEGORY_INSURANCE,0.0,0.0,2,0,True
PREV_NAME_GOODS_CATEGORY_INSURANCE_RATE,0.0,0.0,2,0,True
PREV_NAME_GOODS_CATEGORY_JEWELRY,0.0,0.0,2,0,True
PREV_NAME_GOODS_CATEGORY_MEDICAL SUPPLIES,0.0,0.0,2,0,True
PREV_NAME_GOODS_CATEGORY_MEDICINE_RATE,0.0,0.0,2,0,True
PREV_NAME_GOODS_CATEGORY_NAN,0.0,0.0,2,0,True
PREV_NAME_GOODS_CATEGORY_NAN_RATE,0.0,0.0,2,0,True
PREV_NAME_GOODS_CATEGORY_OFFICE APPLIANCES,0.0,0.0,2,0,True
PREV_NAME_GOODS_CATEGORY_OFFICE APPLIANCES_RATE,0.0,0.0,2,0,True
PREV_NAME_GOODS_CATEGORY_OTHER,0.0,0.0,2,0,True
PREV_NAME_GOODS_CATEGORY_OTHER_RATE,0.0,0.0,2,0,True
PREV_NAME_GOODS_CATEGORY_TOURISM,0.0,0.0,2,0,True
PREV_NAME_GOODS_CATEGORY_TOURISM_RATE,0.0,0.0,2,0,True
PREV_NAME_GOODS_CATEGORY_VEHICLES,0.0,0.0,2,0,True
PREV_NAME_GOODS_CATEGORY_VEHICLES_RATE,0.0,0.0,2,0,True
PREV_NAME_GOODS_CATEGORY_WEAPON,0.0,0.0,2,0,True
PREV_NAME_GOODS_CATEGORY_WEAPON_RATE,0.0,0.0,2,0,True
PREV_NAME_PAYMENT_TYPE_CASHLESS FROM THE ACCOUNT OF THE EMPLOYER,0.0,0.0,2,0,True
PREV_NAME_PAYMENT_TYPE_CASHLESS FROM THE ACCOUNT OF THE EMPLOYER_RATE,0.0,0.0,2,0,True
PREV_NAME_PAYMENT_TYPE_NAN,0.0,0.0,2,0,True
PREV_NAME_PAYMENT_TYPE_NAN_RATE,0.0,0.0,2,0,True
PREV_NAME_PAYMENT_TYPE_NON-CASH FROM YOUR ACCOUNT,0.0,0.0,2,0,True
PREV_NAME_PORTFOLIO_CARDS,0.0,0.0,2,0,True
PREV_NAME_PORTFOLIO_CARS,0.0,0.0,2,0,True
PREV_NAME_PORTFOLIO_CARS_RATE,0.0,0.0,2,0,True
PREV_NAME_PORTFOLIO_NAN,0.0,0.0,2,0,True
PREV_NAME_PORTFOLIO_NAN_RATE,0.0,0.0,2,0,True
PREV_NAME_PORTFOLIO_XNA,0.0,0.0,2,0,True
PREV_NAME_PRODUCT_TYPE_NAN,0.0,0.0,2,0,True
PREV_NAME_PRODUCT_TYPE_NAN_RATE,0.0,0.0,2,0,True
PREV_NAME_SELLER_INDUSTRY_AUTO TECHNOLOGY,0.0,0.0,2,0,True
PREV_NAME_SELLER_INDUSTRY_CONSTRUCTION,0.0,0.0,2,0,True
PREV_NAME_SELLER_INDUSTRY_INDUSTRY,0.0,0.0,2,0,True
PREV_NAME_SELLER_INDUSTRY_JEWELRY,0.0,0.0,2,0,True
PREV_NAME_SELLER_INDUSTRY_JEWELRY_RATE,0.0,0.0,2,0,True
PREV_NAME_SELLER_INDUSTRY_MLM PARTNERS,0.0,0.0,2,0,True
PREV_NAME_SELLER_INDUSTRY_MLM PARTNERS_RATE,0.0,0.0,2,0,True
PREV_NAME_SELLER_INDUSTRY_NAN,0.0,0.0,2,0,True
PREV_NAME_SELLER_INDUSTRY_NAN_RATE,0.0,0.0,2,0,True
PREV_NAME_SELLER_INDUSTRY_TOURISM,0.0,0.0,2,0,True
PREV_NAME_SELLER_INDUSTRY_TOURISM_RATE,0.0,0.0,2,0,True
PREV_NAME_TYPE_SUITE_CHILDREN,0.0,0.0,2,0,True
PREV_NAME_TYPE_SUITE_FAMILY,0.0,0.0,2,0,True
PREV_NAME_TYPE_SUITE_GROUP OF PEOPLE,0.0,0.0,2,0,True
PREV_NAME_TYPE_SUITE_OTHER_A,0.0,0.0,2,0,True
PREV_NAME_TYPE_SUITE_OTHER_B,0.0,0.0,2,0,True
PREV_NAME_YIELD_GROUP_NAN,0.0,0.0,2,0,True
PREV_NAME_YIELD_GROUP_NAN_RATE,0.0,0.0,2,0,True
PREV_NFLAG_INSURED_ON_APPROVAL_MAX,0.0,0.0,2,0,True
PREV_NFLAG_INSURED_ON_APPROVAL_MIN,0.0,0.0,2,0,True
PREV_NFLAG_LAST_APPL_IN_DAY_MAX,0.0,0.0,2,0,True
PREV_NFLAG_LAST_APPL_IN_DAY_MEAN,0.0,0.0,2,0,True
PREV_NFLAG_LAST_APPL_IN_DAY_MIN,0.0,0.0,2,0,True
PREV_PRODUCT_COMBINATION_CASH STREET: LOW,0.0,0.0,2,0,True
PREV_PRODUCT_COMBINATION_NAN,0.0,0.0,2,0,True
PREV_PRODUCT_COMBINATION_NAN_RATE,0.0,0.0,2,0,True
PREV_PRODUCT_COMBINATION_POS HOUSEHOLD WITHOUT INTEREST,0.0,0.0,2,0,True
PREV_PRODUCT_COMBINATION_POS OTHER WITH INTEREST,0.0,0.0,2,0,True
PREV_PRODUCT_COMBINATION_POS OTHERS WITHOUT INTEREST,0.0,0.0,2,0,True
PREV_PRODUCT_COMBINATION_POS OTHERS WITHOUT INTEREST_RATE,0.0,0.0,2,0,True
PREV_RATE_INTEREST_PRIMARY_MAX,0.0,0.0,2,0,True
PREV_RATE_INTEREST_PRIMARY_MEAN,0.0,0.0,2,0,True
PREV_RATE_INTEREST_PRIMARY_MIN,0.0,0.0,2,0,True
PREV_RATE_INTEREST_PRIVILEGED_MEAN,0.0,0.0,2,0,True
PREV_RATE_INTEREST_PRIVILEGED_MIN,0.0,0.0,2,0,True
PREV_WEEKDAY_APPR_PROCESS_START_FRIDAY,0.0,0.0,2,0,True
PREV_WEEKDAY_APPR_PROCESS_START_NAN,0.0,0.0,2,0,True
PREV_WEEKDAY_APPR_PROCESS_START_NAN_RATE,0.0,0.0,2,0,True
REGION_RATING_DIFF,0.0,0.0,1,0,True
REG_CITY_NOT_WORK_CITY,0.0,0.0,1,0,True
REG_REGION_NOT_LIVE_REGION,0.0,0.0,1,0,True
